{
  "sim_id": 0,
  "seed": 13345,
  "problem": "ellipse",
  "device": "cpu",
  "compile": false,
  "dt": 0.0005,
  "n_iter": 100,
  "end_t": 0.04,
  "save_t": 0.01,
  "print_i": 50,
  "lnscale": 6.0,
  "min_A": 0.005,
  "max_A": 0.01,
  "out_dir": "C:\\Users\\Lenovo\\Desktop\\MPhil Dissertation\\fvm_solver-main\\fvm_solver-main\\datasets\\family_pilot\\sim_0000",
  "timeout_s": 1800,
  "gamma": 1.2568340056167924,
  "viscosity": 0.001925412528693888,
  "visc_bulk": 0.016149943689321947,
  "thermal_cond": 6.794921240434648e-06,
  "C_v": 2.282219101203818,
  "T_0": 93.31255711465538,
  "rho_inf": 1.0393235014348758,
  "T_inf": 87.46936742414853,
  "v_n_inf": 6.363780220073107
}