{
  "sim_id": 1,
  "seed": 13346,
  "problem": "ellipse",
  "device": "cpu",
  "compile": false,
  "dt": 0.0005,
  "n_iter": 100,
  "end_t": 0.04,
  "save_t": 0.01,
  "print_i": 50,
  "lnscale": 6.0,
  "min_A": 0.005,
  "max_A": 0.01,
  "out_dir": "C:\\Users\\Lenovo\\Desktop\\MPhil Dissertation\\fvm_solver-main\\fvm_solver-main\\datasets\\family_pilot\\sim_0001",
  "timeout_s": 1800,
  "gamma": 1.4354507163174843,
  "viscosity": 0.0016171057158330697,
  "visc_bulk": 0.019028741884833045,
  "thermal_cond": 6.705650785693687e-06,
  "C_v": 1.6917958711882242,
  "T_0": 97.67358664671251,
  "rho_inf": 1.154591967731007,
  "T_inf": 107.89813999528089,
  "v_n_inf": 4.632364320350561
}